name,email,password
João Silva,joao.silva@loadtest.com,pwd1234
Maria Santos,maria.santos@loadtest.com,pwd1234
Pedro Oliveira,pedro.oliveira@loadtest.com,pwd1234
Ana Costa,ana.costa@loadtest.com,pwd1234
Carlos Ferreira,carlos.ferreira@loadtest.com,pwd1234
Juliana Almeida,juliana.almeida@loadtest.com,pwd1234
Roberto Souza,roberto.souza@loadtest.com,pwd1234
Fernanda Lima,fernanda.lima@loadtest.com,pwd1234
Marcos Pereira,marcos.pereira@loadtest.com,pwd1234
Patricia Rodrigues,patricia.rodrigues@loadtest.com,pwd1234
Ricardo Martins,ricardo.martins@loadtest.com,pwd1234
Camila Barbosa,camila.barbosa@loadtest.com,pwd1234
Bruno Carvalho,bruno.carvalho@loadtest.com,pwd1234
Amanda Ribeiro,amanda.ribeiro@loadtest.com,pwd1234
Felipe Gonçalves,felipe.goncalves@loadtest.com,pwd1234
Larissa Dias,larissa.dias@loadtest.com,pwd1234
Gustavo Fernandes,gustavo.fernandes@loadtest.com,pwd1234
Beatriz Araújo,beatriz.araujo@loadtest.com,pwd1234
Rafael Castro,rafael.castro@loadtest.com,pwd1234
Vanessa Moreira,vanessa.moreira@loadtest.com,pwd1234
Diego Cardoso,diego.cardoso@loadtest.com,pwd1234
Tatiana Nascimento,tatiana.nascimento@loadtest.com,pwd1234
Leonardo Cruz,leonardo.cruz@loadtest.com,pwd1234
Renata Freitas,renata.freitas@loadtest.com,pwd1234
Thiago Monteiro,thiago.monteiro@loadtest.com,pwd1234
Gabriela Mendes,gabriela.mendes@loadtest.com,pwd1234
Rodrigo Pires,rodrigo.pires@loadtest.com,pwd1234
Luciana Campos,luciana.campos@loadtest.com,pwd1234
Vinícius Nunes,vinicius.nunes@loadtest.com,pwd1234
Daniela Teixeira,daniela.teixeira@loadtest.com,pwd1234
Alexandre Rocha,alexandre.rocha@loadtest.com,pwd1234
Carolina Melo,carolina.melo@loadtest.com,pwd1234
Marcelo Azevedo,marcelo.azevedo@loadtest.com,pwd1234
Priscila Cunha,priscila.cunha@loadtest.com,pwd1234
Anderson Lopes,anderson.lopes@loadtest.com,pwd1234
Letícia Duarte,leticia.duarte@loadtest.com,pwd1234
Eduardo Baptista,eduardo.baptista@loadtest.com,pwd1234
Débora Correia,debora.correia@loadtest.com,pwd1234
Fábio Vieira,fabio.vieira@loadtest.com,pwd1234
Adriana Pinto,adriana.pinto@loadtest.com,pwd1234
Maurício Xavier,mauricio.xavier@loadtest.com,pwd1234
Simone Barros,simone.barros@loadtest.com,pwd1234
Henrique Farias,henrique.farias@loadtest.com,pwd1234
Bianca Moura,bianca.moura@loadtest.com,pwd1234
Paulo Rezende,paulo.rezende@loadtest.com,pwd1234
Cristina Sales,cristina.sales@loadtest.com,pwd1234
André Macedo,andre.macedo@loadtest.com,pwd1234
Mariana Torres,mariana.torres@loadtest.com,pwd1234
Sérgio Brito,sergio.brito@loadtest.com,pwd1234
Carla Cavalcanti,carla.cavalcanti@loadtest.com,pwd1234
William Nogueira,william.nogueira@loadtest.com,pwd1234
Aline Ramos,aline.ramos@loadtest.com,pwd1234
Lucas Miranda,lucas.miranda@loadtest.com,pwd1234
Isabela Fonseca,isabela.fonseca@loadtest.com,pwd1234
Jorge Soares,jorge.soares@loadtest.com,pwd1234
Sandra Pacheco,sandra.pacheco@loadtest.com,pwd1234
Márcio Vargas,marcio.vargas@loadtest.com,pwd1234
Natália Guimarães,natalia.guimaraes@loadtest.com,pwd1234
Leandro Siqueira,leandro.siqueira@loadtest.com,pwd1234
Sabrina Medeiros,sabrina.medeiros@loadtest.com,pwd1234
Caio Tavares,caio.tavares@loadtest.com,pwd1234
Elaine Borges,elaine.borges@loadtest.com,pwd1234
César Alves,cesar.alves@loadtest.com,pwd1234
Michele Guerra,michele.guerra@loadtest.com,pwd1234
Denis Peixoto,denis.peixoto@loadtest.com,pwd1234
Raquel Santana,raquel.santana@loadtest.com,pwd1234
Hugo Marques,hugo.marques@loadtest.com,pwd1234
Viviane Sampaio,viviane.sampaio@loadtest.com,pwd1234
Matheus Andrade,matheus.andrade@loadtest.com,pwd1234
Jéssica Viana,jessica.viana@loadtest.com,pwd1234
Guilherme Reis,guilherme.reis@loadtest.com,pwd1234
Mônica Franco,monica.franco@loadtest.com,pwd1234
Evandro Matos,evandro.matos@loadtest.com,pwd1234
Silvia Moraes,silvia.moraes@loadtest.com,pwd1234
Fábio Gomes,fabio.gomes@loadtest.com,pwd1234
Kelly Lima,kelly.lima@loadtest.com,pwd1234
Rogério Silva,rogerio.silva@loadtest.com,pwd1234
Andreia Paiva,andreia.paiva@loadtest.com,pwd1234
Otávio Santos,otavio.santos@loadtest.com,pwd1234
Rosana Costa,rosana.costa@loadtest.com,pwd1234
Cláudio Ferreira,claudio.ferreira@loadtest.com,pwd1234
Elisa Almeida,elisa.almeida@loadtest.com,pwd1234
Luciano Souza,luciano.souza@loadtest.com,pwd1234
Patrícia Lima,patricia.lima@loadtest.com,pwd1234
Renan Pereira,renan.pereira@loadtest.com,pwd1234
Bruna Rodrigues,bruna.rodrigues@loadtest.com,pwd1234
Alberto Martins,alberto.martins@loadtest.com,pwd1234
Karina Barbosa,karina.barbosa@loadtest.com,pwd1234
Murilo Carvalho,murilo.carvalho@loadtest.com,pwd1234
Lívia Ribeiro,livia.ribeiro@loadtest.com,pwd1234
Edson Gonçalves,edson.goncalves@loadtest.com,pwd1234
Talita Dias,talita.dias@loadtest.com,pwd1234
Vinícius Fernandes,vinicius.fernandes@loadtest.com,pwd1234
Cristiane Araújo,cristiane.araujo@loadtest.com,pwd1234
Igor Castro,igor.castro@loadtest.com,pwd1234
Josiane Moreira,josiane.moreira@loadtest.com,pwd1234
Wellington Cardoso,wellington.cardoso@loadtest.com,pwd1234
Tamires Nascimento,tamires.nascimento@loadtest.com,pwd1234